<?xml version="1.0" encoding="UTF-8"?>
<project-private xmlns="http://www.netbeans.org/ns/project-private/1">
    <editor-bookmarks xmlns="http://www.netbeans.org/ns/editor-bookmarks/2" lastBookmarkId="0"/>
    <open-files xmlns="http://www.netbeans.org/ns/projectui-open-files/2">
        <group>
            <file>file:/C:/Users/ZETTA/Documents/NetBeansProjects/bagsandaccessoriesshop/src/bagsandaccessoriesshop/ItemPriceAndSales.java</file>
            <file>file:/C:/Users/ZETTA/Documents/NetBeansProjects/bagsandaccessoriesshop/src/bagsandaccessoriesshop/AccessoriesBusiness.java</file>
            <file>file:/C:/Users/ZETTA/Documents/NetBeansProjects/bagsandaccessoriesshop/src/bagsandaccessoriesshop/employee.java</file>
            <file>file:/C:/Users/ZETTA/Documents/NetBeansProjects/bagsandaccessoriesshop/src/bagsandaccessoriesshop/shoes.java</file>
            <file>file:/C:/Users/ZETTA/Documents/NetBeansProjects/bagsandaccessoriesshop/src/bagsandaccessoriesshop/customer.java</file>
            <file>file:/C:/Users/ZETTA/Documents/NetBeansProjects/bagsandaccessoriesshop/src/bagsandaccessoriesshop/bags.java</file>
        </group>
    </open-files>
</project-private>
